"tx_g","it_g","bd_g","thrConf_g","nr_added_exs_g"
5,1,5,0.9,148
5,2,5,0.844250845869964,21
5,3,5,0.618764466369211,49
