"tx","bd","acc_g"
10,1,97.3684210526316
15,1,97.3684210526316
20,1,97.3684210526316
25,1,97.3684210526316
