"tx_g","it_g","bd_g","thrConf_g","nr_added_exs_g"
10,1,1,0.9,89
10,2,1,0.896511540891192,3
10,3,1,0.628870780263158,7
10,4,1,0.504408724436167,2
